{
  "auc_roc": 0.8346146733243508,
  "auc_roc_ci": [
    0.7855388232275832,
    0.8787086738557918
  ],
  "auc_pr": 0.5812157326142584,
  "auc_pr_ci": [
    0.4868804487051555,
    0.68388548680651
  ],
  "brier_score": 0.11133150032534647,
  "threshold": 0.5,
  "precision": 0.6538461538461539,
  "recall": 0.3655913978494624,
  "f1": 0.4689655172413793,
  "n_positive": 93,
  "n_total": 500,
  "prevalence": 0.186
}