{
  "auc_roc": 0.8339541887928986,
  "auc_roc_ci": [
    0.7844816597485608,
    0.8780980240932017
  ],
  "auc_pr": 0.5797585242643156,
  "auc_pr_ci": [
    0.4868364889789015,
    0.6822692750165588
  ],
  "brier_score": 0.11146087685536142,
  "threshold": 0.5,
  "precision": 0.6470588235294118,
  "recall": 0.3548387096774194,
  "f1": 0.4583333333333333,
  "n_positive": 93,
  "n_total": 500,
  "prevalence": 0.186
}