{
  "auc_roc": 0.8339806081741566,
  "auc_roc_ci": [
    0.7834083373204485,
    0.8781617034425003
  ],
  "auc_pr": 0.5723445550965303,
  "auc_pr_ci": [
    0.48041043036566405,
    0.6818407434338969
  ],
  "brier_score": 0.11191871557506837,
  "threshold": 0.5,
  "precision": 0.6415094339622641,
  "recall": 0.3655913978494624,
  "f1": 0.4657534246575342,
  "n_positive": 93,
  "n_total": 500,
  "prevalence": 0.186
}