{
  "auc_roc": 0.8344382568726243,
  "auc_roc_ci": [
    0.7895927732175636,
    0.8758637684512146
  ],
  "auc_pr": 0.5068176676540077,
  "auc_pr_ci": [
    0.39857847417212133,
    0.613485216249041
  ],
  "brier_score": 0.10529367306448598,
  "threshold": 0.5,
  "precision": 0.6774193548387096,
  "recall": 0.25925925925925924,
  "f1": 0.375,
  "n_positive": 81,
  "n_total": 500,
  "prevalence": 0.162
}