{
  "auc_roc": 0.5534485963933816,
  "auc_roc_ci": [
    0.32634077050997795,
    0.7679669083472763
  ],
  "auc_pr": 0.0856819142691915,
  "auc_pr_ci": [
    0.014478576950043422,
    0.29705462914373226
  ],
  "brier_score": 0.021169297187482453,
  "threshold": 0.5,
  "precision": 0.0,
  "recall": 0.0,
  "f1": 0.0,
  "n_positive": 11,
  "n_total": 500,
  "prevalence": 0.022
}