{
  "auc_roc": 0.8351958997120287,
  "auc_roc_ci": [
    0.7835830582932305,
    0.8806582479966139
  ],
  "auc_pr": 0.5828705566162112,
  "auc_pr_ci": [
    0.48598707869107255,
    0.6914000494826061
  ],
  "brier_score": 0.17628536014506868,
  "threshold": 0.5,
  "precision": 0.4020618556701031,
  "recall": 0.8387096774193549,
  "f1": 0.5435540069686411,
  "n_positive": 93,
  "n_total": 500,
  "prevalence": 0.186
}