{
  "auc_roc": 0.7368761723600434,
  "auc_roc_ci": [
    0.6739337418889046,
    0.7901197477175603
  ],
  "auc_pr": 0.376775123790319,
  "auc_pr_ci": [
    0.2959634917856511,
    0.4956168898555171
  ],
  "brier_score": 0.16578802180339414,
  "threshold": 0.5,
  "precision": 0.3925233644859813,
  "recall": 0.45161290322580644,
  "f1": 0.42,
  "n_positive": 93,
  "n_total": 500,
  "prevalence": 0.186
}