{
  "auc_roc": 0.8066497582626615,
  "auc_roc_ci": [
    0.7555182095406239,
    0.8507121790355927
  ],
  "auc_pr": 0.5121150655303586,
  "auc_pr_ci": [
    0.4151588585277728,
    0.6259032919131071
  ],
  "brier_score": 0.12026109261130057,
  "threshold": 0.5,
  "precision": 0.54,
  "recall": 0.2903225806451613,
  "f1": 0.3776223776223776,
  "n_positive": 93,
  "n_total": 500,
  "prevalence": 0.186
}