{
  "auc_roc": 0.44729503625209144,
  "auc_roc_ci": [
    0.27755521565472663,
    0.6353959264778937
  ],
  "auc_pr": 0.02034390033304552,
  "auc_pr_ci": [
    0.00984567332309268,
    0.040283891845285955
  ],
  "brier_score": 0.02163294631229189,
  "threshold": 0.5,
  "precision": 0.0,
  "recall": 0.0,
  "f1": 0.0,
  "n_positive": 11,
  "n_total": 500,
  "prevalence": 0.022
}