{
  "auc_roc": 0.8082294705206399,
  "auc_roc_ci": [
    0.7603224901559884,
    0.8541849140370315
  ],
  "auc_pr": 0.4422108604971127,
  "auc_pr_ci": [
    0.34327300003421224,
    0.5565958693076456
  ],
  "brier_score": 0.11080911829333709,
  "threshold": 0.5,
  "precision": 0.625,
  "recall": 0.12345679012345678,
  "f1": 0.20618556701030927,
  "n_positive": 81,
  "n_total": 500,
  "prevalence": 0.162
}