{
  "auc_roc": 0.8047343531214499,
  "auc_roc_ci": [
    0.751795264788409,
    0.8512338827002193
  ],
  "auc_pr": 0.5132558686485156,
  "auc_pr_ci": [
    0.41229348468673094,
    0.6192330244689046
  ],
  "brier_score": 0.1201178833171355,
  "threshold": 0.5,
  "precision": 0.5490196078431373,
  "recall": 0.3010752688172043,
  "f1": 0.3888888888888889,
  "n_positive": 93,
  "n_total": 500,
  "prevalence": 0.186
}