{
  "auc_roc": 0.8107711817389236,
  "auc_roc_ci": [
    0.7571703456696235,
    0.8565896848179415
  ],
  "auc_pr": 0.5320792367354398,
  "auc_pr_ci": [
    0.43293493586558307,
    0.6405014804369569
  ],
  "brier_score": 0.11790363536907546,
  "threshold": 0.5,
  "precision": 0.5892857142857143,
  "recall": 0.3548387096774194,
  "f1": 0.4429530201342282,
  "n_positive": 93,
  "n_total": 500,
  "prevalence": 0.186
}