{
  "auc_roc": 0.640081799591002,
  "auc_roc_ci": [
    0.3906114169805853,
    0.8716456818398982
  ],
  "auc_pr": 0.09377241289003393,
  "auc_pr_ci": [
    0.0274820544591864,
    0.24768980726219042
  ],
  "brier_score": 0.021255362778902054,
  "threshold": 0.5,
  "precision": 0.0,
  "recall": 0.0,
  "f1": 0.0,
  "n_positive": 11,
  "n_total": 500,
  "prevalence": 0.022
}