{
  "auc_roc": 0.8353221957040573,
  "auc_roc_ci": [
    0.7846724823972607,
    0.8805203966156276
  ],
  "auc_pr": 0.4924036702675332,
  "auc_pr_ci": [
    0.3695081835030857,
    0.6038421151267261
  ],
  "brier_score": 0.10577418655157089,
  "threshold": 0.5,
  "precision": 0.5192307692307693,
  "recall": 0.3333333333333333,
  "f1": 0.40601503759398494,
  "n_positive": 81,
  "n_total": 500,
  "prevalence": 0.162
}