{
  "auc_roc": 0.8370452564000951,
  "auc_roc_ci": [
    0.7866561565963099,
    0.8814951110785654
  ],
  "auc_pr": 0.5867524774836398,
  "auc_pr_ci": [
    0.4842237066657619,
    0.7020392605034909
  ],
  "brier_score": 0.10902294516563416,
  "threshold": 0.5,
  "precision": 0.673469387755102,
  "recall": 0.3548387096774194,
  "f1": 0.4647887323943662,
  "n_positive": 93,
  "n_total": 500,
  "prevalence": 0.186
}