{
  "auc_roc": 0.8384983223692901,
  "auc_roc_ci": [
    0.7870439733677679,
    0.882204128773996
  ],
  "auc_pr": 0.5816410096348011,
  "auc_pr_ci": [
    0.4782334004622248,
    0.7010480391757038
  ],
  "brier_score": 0.10884989798069,
  "threshold": 0.5,
  "precision": 0.6326530612244898,
  "recall": 0.3333333333333333,
  "f1": 0.43661971830985913,
  "n_positive": 93,
  "n_total": 500,
  "prevalence": 0.186
}