{
  "auc_roc": 0.834086285699189,
  "auc_roc_ci": [
    0.7849969762478485,
    0.8748901342625311
  ],
  "auc_pr": 0.5314667926891632,
  "auc_pr_ci": [
    0.4350216515114351,
    0.6531443281951096
  ],
  "brier_score": 0.1487959921360016,
  "threshold": 0.5,
  "precision": 0.4358974358974359,
  "recall": 0.7311827956989247,
  "f1": 0.5461847389558233,
  "n_positive": 93,
  "n_total": 500,
  "prevalence": 0.186
}