{
  "auc_roc": 0.8364904493936751,
  "auc_roc_ci": [
    0.784199138837626,
    0.8797475288875574
  ],
  "auc_pr": 0.5631062148997221,
  "auc_pr_ci": [
    0.47094575653017934,
    0.6712884368628051
  ],
  "brier_score": 0.1104550871876716,
  "threshold": 0.5,
  "precision": 0.6491228070175439,
  "recall": 0.3978494623655914,
  "f1": 0.49333333333333335,
  "n_positive": 93,
  "n_total": 500,
  "prevalence": 0.186
}